{"cameraMode":{"drawMode":0,"name":"Shaded","section":"Shading Mode"},"sceneLighting":false,"audioPlay":false,"sceneViewState":{"m_AlwaysRefresh":false,"showFog":true,"showSkybox":false,"showFlares":true,"showImageEffects":true,"showParticleSystems":true,"showVisualEffectGraphs":true,"m_FxEnabled":true},"in2DMode":false,"pivot":{"x":0.0012139081954956055,"y":0.11882329732179642,"z":-0.2814965844154358},"rotation":{"x":0.06785306334495545,"y":-0.2527806758880615,"z":0.017774522304534913,"w":0.9649785757064819},"size":0.19345206022262574,"orthographic":true}